,good_bad_flag
0,0
1,1
2,1
3,1
4,1
5,1
6,1
7,1
8,1
9,0
10,1
11,1
12,0
13,1
14,1
15,1
16,1
17,1
18,0
19,1
20,1
21,1
22,1
23,1
24,1
25,1
26,1
27,0
28,1
29,1
30,1
31,1
32,1
33,1
34,1
35,1
36,1
37,0
38,0
39,0
40,1
41,1
42,1
43,1
44,1
45,0
46,1
47,1
48,1
49,1
50,1
51,1
52,1
53,1
54,1
55,1
56,1
57,0
58,1
59,1
60,0
61,1
62,1
63,1
64,1
65,1
66,1
67,1
68,1
69,1
70,1
71,1
72,1
73,0
74,1
75,1
76,1
77,1
78,1
79,1
80,1
81,1
82,1
83,1
84,1
85,0
86,1
87,1
88,1
89,1
90,1
91,1
92,0
93,1
94,1
95,1
96,1
97,0
98,1
99,0
100,1
101,1
102,0
103,0
104,0
105,1
106,1
107,1
108,1
109,0
110,1
111,0
112,1
113,1
114,1
115,1
116,1
117,1
118,0
119,1
120,0
121,1
122,0
123,1
124,0
125,0
126,1
127,1
128,1
129,1
130,1
131,1
132,1
133,0
134,1
135,1
136,1
137,0
138,1
139,1
140,1
141,1
142,1
143,1
144,1
145,1
146,0
147,1
148,0
149,1
150,1
151,0
152,1
153,1
154,1
155,0
156,0
157,0
158,0
159,1
160,1
161,1
162,1
163,1
164,0
165,1
166,0
167,0
168,1
169,1
170,0
171,0
172,0
173,1
174,1
175,1
176,1
177,1
178,1
179,1
180,1
181,1
182,1
183,0
184,1
185,1
186,1
187,1
188,1
189,1
190,1
191,1
192,0
193,1
194,1
195,1
196,1
197,1
198,1
199,1
200,1
201,1
202,1
203,1
204,1
205,1
206,0
207,1
208,1
209,1
210,1
211,1
212,1
213,1
214,0
215,1
216,1
217,1
218,1
219,1
220,0
221,1
222,1
223,1
224,1
225,1
226,1
227,1
228,1
229,1
230,1
231,1
232,1
233,1
234,1
235,1
236,1
237,1
238,1
239,0
240,1
241,1
242,1
243,1
244,1
245,1
246,1
247,1
248,1
249,1
250,1
251,1
252,1
253,1
254,1
255,1
256,1
257,1
258,1
259,1
260,0
261,1
262,0
263,1
264,1
265,1
266,1
267,1
268,1
269,1
270,1
271,0
272,1
273,0
274,0
275,1
276,1
277,1
278,0
279,1
280,1
281,1
282,1
283,1
284,1
285,1
286,1
287,1
288,1
289,1
290,0
291,0
292,1
293,1
294,1
295,1
296,1
297,1
298,1
299,1
300,1
301,0
302,1
303,1
304,0
305,1
306,0
307,1
308,1
309,1
310,1
311,0
312,0
313,1
314,1
315,1
316,1
317,1
318,1
319,0
320,1
321,1
322,1
323,1
324,0
325,1
326,0
327,1
328,1
329,1
330,1
331,1
332,0
333,1
334,1
335,1
336,0
337,1
338,1
339,0
340,1
341,0
342,1
343,1
344,1
345,1
346,1
347,1
348,1
349,1
350,1
351,1
352,1
353,1
354,0
355,1
356,1
357,1
358,0
359,1
360,1
361,0
362,0
363,1
364,1
365,1
366,0
367,1
368,0
369,1
370,1
371,1
372,1
373,1
374,1
375,1
376,0
377,1
378,0
379,0
380,1
381,1
382,0
383,1
384,1
385,1
386,1
387,1
388,1
389,1
390,1
391,1
392,1
393,0
394,0
395,0
396,1
397,1
398,1
399,1
400,1
401,1
402,0
403,1
404,1
405,0
406,1
407,1
408,1
409,0
410,1
411,1
412,1
413,1
414,1
415,0
416,0
417,0
418,1
419,1
420,1
421,1
422,1
423,0
424,1
425,1
426,1
427,1
428,0
429,1
430,1
431,1
432,1
433,1
434,1
435,1
436,1
437,1
438,0
439,1
440,1
441,1
442,1
443,0
444,1
445,1
446,1
447,1
448,0
449,0
450,1
451,1
452,0
453,1
454,1
455,0
456,1
457,1
458,1
459,1
460,1
461,1
462,1
463,0
464,0
465,1
466,1
467,1
468,1
469,0
470,1
471,1
472,1
473,1
474,1
475,1
476,1
477,1
478,0
479,1
480,1
481,1
482,1
483,0
484,1
485,1
486,0
487,1
488,0
489,1
490,1
491,1
492,1
493,1
494,1
495,1
496,1
497,0
498,1
499,1
500,1
501,0
502,1
503,1
504,1
505,1
506,1
507,1
508,1
509,1
510,1
511,1
512,1
513,1
514,1
515,1
516,1
517,1
518,1
519,1
520,1
521,1
522,0
523,1
524,0
525,1
526,1
527,1
528,1
529,1
530,1
531,0
532,1
533,0
534,1
535,0
536,1
537,1
538,1
539,0
540,1
541,1
542,1
543,1
544,1
545,0
546,1
547,1
548,0
549,1
550,1
551,1
552,1
553,1
554,0
555,0
556,1
557,1
558,1
559,0
560,1
561,0
562,1
563,1
564,1
565,0
566,1
567,0
568,0
569,1
570,1
571,0
572,1
573,1
574,1
575,1
576,1
577,1
578,1
579,1
580,1
581,0
582,0
583,1
584,1
585,0
586,1
587,1
588,1
589,1
590,1
591,1
592,1
593,1
594,1
595,1
596,1
597,1
598,1
599,1
600,1
601,1
602,1
603,1
604,0
605,1
606,1
607,1
608,1
609,0
610,0
611,1
612,0
613,1
614,0
615,0
616,0
617,1
618,1
619,1
620,0
621,1
622,1
623,1
624,0
625,1
626,1
627,1
628,1
629,1
630,0
631,0
632,1
633,1
634,0
635,0
636,1
637,1
638,1
639,1
640,1
641,0
642,1
643,1
644,1
645,1
646,1
647,1
648,1
649,1
650,1
651,1
652,0
653,1
654,1
655,1
656,1
657,1
658,0
659,1
660,1
661,0
662,1
663,1
664,1
665,1
666,1
667,1
668,1
669,1
670,1
671,1
672,1
673,1
674,1
675,1
676,1
677,0
678,1
679,1
680,1
681,0
682,1
683,0
684,1
685,1
686,1
687,1
688,1
689,0
690,1
691,1
692,1
693,0
694,1
695,0
696,0
697,1
698,1
699,1
700,1
701,1
702,1
703,1
704,0
705,0
706,1
707,1
708,1
709,1
710,1
711,1
712,1
713,1
714,1
715,0
716,1
717,1
718,0
719,1
720,1
721,0
722,0
723,1
724,0
725,1
726,1
727,0
728,1
729,1
730,1
731,0
732,1
733,1
734,1
735,1
736,1
737,0
738,1
739,0
740,1
741,1
742,1
743,0
744,1
745,0
746,1
747,1
748,0
749,1
750,1
751,0
752,1
753,1
754,1
755,1
756,1
757,0
758,1
759,1
760,0
761,1
762,1
763,0
764,1
765,1
766,1
767,1
768,1
769,0
770,1
771,1
772,1
773,1
774,1
775,1
776,1
777,0
778,0
779,1
780,1
781,0
782,0
783,1
784,1
785,1
786,1
787,1
788,1
789,0
790,1
791,1
792,0
793,1
794,1
795,1
796,1
797,1
798,1
799,1
800,1
801,1
802,1
803,1
804,1
805,1
806,0
807,1
808,0
809,1
810,1
811,1
812,1
813,0
814,1
815,0
816,0
817,1
818,1
819,1
820,1
821,0
822,1
823,1
824,1
825,1
826,0
827,1
828,1
829,1
830,1
831,1
832,0
833,1
834,0
835,1
836,1
837,1
838,1
839,0
840,1
841,1
842,1
843,1
844,1
845,1
846,0
847,1
848,1
849,0
850,1
851,1
852,1
853,1
854,1
855,1
856,1
857,1
858,1
859,1
860,1
861,1
862,0
863,1
864,1
865,1
866,1
867,1
868,1
869,1
870,1
871,1
872,1
873,0
874,1
875,1
876,1
877,1
878,1
879,1
880,1
881,0
882,0
883,1
884,1
885,1
886,1
887,1
888,1
889,1
890,1
891,1
892,1
893,1
894,0
895,1
896,0
897,1
898,0
899,1
900,1
901,0
902,1
903,1
904,0
905,1
906,1
907,1
908,1
909,1
910,1
911,1
912,1
913,0
914,1
915,1
916,1
917,0
918,1
919,1
920,1
921,0
922,1
923,1
924,1
925,1
926,1
927,0
928,0
929,1
930,1
931,1
932,1
933,1
934,1
935,0
936,1
937,1
938,1
939,1
940,1
941,0
942,1
943,1
944,1
945,1
946,1
947,1
948,1
949,1
950,1
951,1
952,1
953,1
954,1
955,1
956,0
957,1
958,1
959,0
960,1
961,1
962,1
963,1
964,0
965,1
966,0
967,0
968,1
969,1
970,1
971,1
972,0
973,1
974,1
975,1
976,1
977,0
978,1
979,0
980,0
981,1
982,1
983,1
984,1
985,1
986,1
987,1
988,1
989,1
990,1
991,1
992,1
993,1
994,1
995,1
996,1
997,1
998,1
999,1
1000,1
1001,1
1002,0
1003,1
1004,1
1005,1
1006,1
1007,1
1008,1
1009,1
1010,1
1011,1
1012,0
1013,1
1014,1
1015,1
1016,1
1017,0
1018,1
1019,0
1020,1
1021,1
1022,1
1023,1
1024,0
1025,1
1026,0
1027,1
1028,1
1029,1
1030,1
1031,1
1032,0
1033,0
1034,1
1035,0
1036,1
1037,0
1038,1
1039,0
1040,0
1041,1
1042,1
1043,1
1044,1
1045,1
1046,1
1047,1
1048,1
1049,1
1050,1
1051,1
1052,1
1053,1
1054,0
1055,1
1056,1
1057,1
1058,1
1059,0
1060,1
1061,1
1062,1
1063,0
1064,0
1065,0
1066,1
1067,1
1068,1
1069,1
1070,1
1071,1
1072,1
1073,1
1074,1
1075,0
1076,1
1077,1
1078,1
1079,1
1080,1
1081,0
1082,0
1083,0
1084,1
1085,1
1086,1
1087,1
1088,1
1089,1
1090,1
1091,0
1092,1
1093,0
1094,1
1095,1
1096,1
1097,1
1098,1
1099,1
1100,1
1101,0
1102,1
1103,1
1104,1
1105,1
1106,1
1107,1
1108,1
1109,1
1110,0
1111,1
1112,1
1113,1
1114,1
1115,1
1116,1
1117,1
1118,1
1119,0
1120,1
1121,1
1122,0
1123,1
1124,1
1125,0
1126,1
1127,1
1128,1
1129,0
1130,1
1131,1
1132,1
1133,1
1134,1
1135,0
1136,1
1137,0
1138,0
1139,1
1140,1
1141,1
1142,1
1143,1
1144,0
1145,0
1146,1
1147,0
1148,1
1149,0
1150,1
1151,1
1152,1
1153,0
1154,1
1155,1
1156,1
1157,1
1158,1
1159,1
1160,1
1161,1
1162,1
1163,0
1164,1
1165,1
1166,0
1167,0
1168,1
1169,1
1170,0
1171,0
1172,1
1173,1
1174,1
1175,1
1176,1
1177,0
1178,1
1179,0
1180,1
1181,1
1182,0
1183,0
1184,1
1185,0
1186,1
1187,1
1188,1
1189,1
1190,1
1191,1
1192,1
1193,1
1194,1
1195,1
1196,1
1197,1
1198,0
1199,0
1200,1
1201,0
1202,1
1203,1
1204,1
1205,0
1206,1
1207,0
1208,1
1209,1
1210,0
1211,1
1212,1
1213,1
1214,0
1215,1
1216,1
1217,0
1218,1
1219,0
1220,1
1221,1
1222,0
1223,1
1224,0
1225,1
1226,1
1227,0
1228,1
1229,1
1230,1
1231,1
1232,0
1233,1
1234,0
1235,1
1236,1
1237,0
1238,0
1239,1
1240,1
1241,1
1242,1
1243,1
1244,1
1245,0
1246,1
1247,1
1248,1
1249,1
1250,1
1251,1
1252,1
1253,1
1254,0
1255,0
1256,1
1257,1
1258,0
1259,1
1260,1
1261,1
1262,0
1263,1
1264,1
1265,1
1266,1
1267,1
1268,1
1269,1
1270,1
1271,1
1272,1
1273,1
1274,1
1275,1
1276,1
1277,0
1278,0
1279,0
1280,1
1281,1
1282,1
1283,0
1284,0
1285,1
1286,1
1287,1
1288,1
1289,1
1290,1
1291,1
1292,1
1293,0
1294,1
1295,1
1296,1
1297,1
1298,0
1299,0
1300,1
1301,1
1302,1
1303,0
1304,1
1305,0
1306,1
1307,1
1308,1
1309,1
1310,1
1311,1
1312,1
1313,1
1314,0
1315,1
1316,1
1317,1
1318,0
1319,1
1320,1
1321,1
1322,1
1323,1
1324,1
1325,1
1326,1
1327,0
1328,0
1329,1
1330,1
1331,1
1332,1
1333,1
1334,1
1335,1
1336,1
1337,1
1338,1
1339,1
1340,1
1341,1
1342,0
1343,1
1344,1
1345,1
1346,0
1347,1
1348,0
1349,1
1350,1
1351,1
1352,0
1353,1
1354,1
1355,0
1356,0
1357,1
1358,1
1359,1
1360,1
1361,1
1362,1
1363,0
1364,1
1365,1
1366,1
1367,1
1368,1
1369,1
1370,1
1371,1
1372,1
1373,1
1374,1
1375,1
1376,1
1377,0
1378,1
1379,0
1380,1
1381,1
1382,1
1383,1
1384,0
1385,0
1386,0
1387,1
1388,0
1389,1
1390,1
1391,1
1392,1
1393,0
1394,0
1395,0
1396,1
1397,0
1398,1
1399,1
1400,1
1401,1
1402,0
1403,1
1404,1
1405,1
1406,0
1407,1
1408,1
1409,1
1410,1
1411,1
1412,1
1413,0
1414,1
1415,1
1416,1
1417,1
1418,0
1419,1
1420,1
1421,0
1422,1
1423,1
1424,1
1425,0
1426,1
1427,1
1428,1
1429,1
1430,1
1431,0
1432,1
1433,1
1434,1
1435,1
1436,1
1437,1
1438,1
1439,1
1440,1
1441,1
1442,1
1443,1
1444,1
1445,1
1446,1
1447,1
1448,0
1449,1
1450,1
1451,0
1452,1
1453,1
1454,0
1455,0
1456,1
1457,0
1458,1
1459,1
1460,0
1461,0
1462,1
1463,1
1464,1
1465,1
1466,1
1467,1
1468,1
1469,0
1470,0
1471,1
1472,1
1473,1
1474,1
1475,0
1476,0
1477,1
1478,1
1479,1
1480,1
1481,1
1482,0
1483,0
1484,1
1485,1
1486,1
1487,0
1488,1
1489,1
1490,1
1491,0
1492,1
1493,0
1494,1
1495,1
1496,1
1497,1
1498,0
1499,1
1500,1
1501,1
1502,1
1503,1
1504,1
1505,1
1506,1
1507,1
1508,0
1509,1
1510,0
1511,1
1512,0
1513,0
1514,0
1515,1
1516,1
1517,1
1518,1
1519,0
1520,1
1521,1
1522,0
1523,0
1524,1
1525,1
1526,1
1527,1
1528,0
1529,1
1530,1
1531,1
1532,1
1533,1
1534,1
1535,1
1536,1
1537,0
1538,1
1539,1
1540,1
1541,1
1542,0
1543,1
1544,1
1545,1
1546,1
1547,1
1548,1
1549,1
1550,1
1551,1
1552,1
1553,0
1554,0
1555,1
1556,1
1557,0
1558,1
1559,1
1560,0
1561,0
1562,1
1563,1
1564,0
1565,1
1566,1
1567,1
1568,1
1569,1
1570,1
1571,1
1572,1
1573,1
1574,1
1575,1
1576,0
1577,1
1578,1
1579,1
1580,1
1581,1
1582,1
1583,1
1584,0
1585,0
1586,1
1587,1
1588,1
1589,1
1590,1
1591,1
1592,1
1593,1
1594,1
1595,1
1596,1
1597,1
1598,1
1599,0
1600,1
1601,1
1602,1
1603,1
1604,1
1605,1
1606,1
1607,1
1608,1
1609,0
1610,1
1611,1
1612,1
1613,1
1614,1
1615,1
1616,1
1617,1
1618,1
1619,0
1620,1
1621,1
1622,0
1623,0
1624,1
1625,0
1626,1
1627,1
1628,1
1629,1
1630,1
1631,1
1632,1
1633,1
1634,1
1635,1
1636,1
1637,1
1638,1
1639,1
1640,1
1641,1
1642,0
1643,1
1644,1
1645,1
1646,0
1647,0
1648,0
1649,0
1650,1
1651,1
1652,1
1653,1
1654,1
1655,1
1656,0
1657,1
1658,1
1659,1
1660,1
1661,1
1662,1
1663,1
1664,1
1665,1
1666,1
1667,1
1668,1
1669,1
1670,1
1671,1
1672,0
1673,1
1674,1
1675,1
1676,1
1677,1
1678,1
1679,1
1680,0
1681,1
1682,1
1683,0
1684,0
1685,1
1686,1
1687,1
1688,1
1689,1
1690,1
1691,0
1692,1
1693,1
1694,1
1695,1
1696,0
1697,1
1698,1
1699,0
1700,1
1701,1
1702,1
1703,0
1704,1
1705,0
1706,1
1707,0
1708,1
1709,1
1710,1
1711,1
1712,1
1713,0
1714,1
1715,1
1716,1
1717,0
1718,1
1719,1
1720,1
1721,1
1722,1
1723,0
1724,1
1725,0
1726,1
1727,1
1728,1
1729,1
1730,1
1731,1
1732,1
1733,0
1734,1
1735,1
1736,1
1737,1
1738,1
1739,1
1740,1
1741,1
1742,1
1743,1
1744,0
1745,1
1746,1
1747,1
1748,1
1749,1
1750,1
1751,1
1752,0
1753,0
1754,1
1755,1
1756,0
1757,1
1758,1
1759,1
1760,0
1761,0
1762,1
1763,1
1764,1
1765,1
1766,1
1767,1
1768,1
1769,0
1770,1
1771,0
1772,1
1773,1
1774,0
1775,1
1776,1
1777,0
1778,1
1779,1
1780,1
1781,1
1782,1
1783,1
1784,0
1785,1
1786,1
1787,0
1788,1
1789,1
1790,1
1791,1
1792,0
1793,1
1794,1
1795,1
1796,1
1797,1
1798,1
1799,1
1800,1
1801,1
1802,0
1803,0
1804,1
1805,1
1806,1
1807,1
1808,1
1809,1
1810,1
1811,1
1812,1
1813,1
1814,1
1815,1
1816,1
1817,1
1818,1
1819,1
1820,1
1821,1
1822,0
1823,1
1824,1
1825,1
1826,0
1827,0
1828,0
1829,1
1830,0
1831,1
1832,1
1833,1
1834,1
1835,1
1836,1
1837,1
1838,1
1839,1
1840,1
1841,0
1842,0
1843,1
1844,1
1845,1
1846,1
1847,1
1848,1
1849,1
1850,0
1851,1
1852,0
1853,0
1854,1
1855,0
1856,0
1857,1
1858,1
1859,1
1860,0
1861,1
1862,1
1863,1
1864,1
1865,0
1866,1
1867,1
1868,1
1869,0
1870,0
1871,1
1872,1
1873,1
1874,0
1875,1
1876,1
1877,1
1878,1
1879,0
1880,1
1881,1
1882,0
1883,1
1884,1
1885,1
1886,0
1887,1
1888,1
1889,1
1890,1
1891,1
1892,1
1893,1
1894,1
1895,1
1896,0
1897,1
1898,1
1899,1
1900,0
1901,0
1902,1
1903,0
1904,1
1905,1
1906,1
1907,1
1908,1
1909,1
1910,0
1911,0
1912,0
1913,0
1914,1
1915,1
1916,0
1917,0
1918,1
1919,0
1920,1
1921,0
1922,1
1923,1
1924,1
1925,1
1926,1
1927,1
1928,1
1929,1
1930,0
1931,0
1932,1
1933,0
1934,1
1935,0
1936,1
1937,1
1938,1
1939,1
1940,1
1941,1
1942,1
1943,1
1944,1
1945,1
1946,1
1947,1
1948,1
1949,0
1950,1
1951,1
1952,1
1953,1
1954,1
1955,1
1956,1
1957,1
1958,0
1959,1
1960,1
1961,0
1962,1
1963,1
1964,0
1965,1
1966,0
1967,0
1968,1
1969,1
1970,1
1971,1
1972,1
1973,1
1974,1
1975,1
1976,0
1977,1
1978,1
1979,1
1980,1
1981,0
1982,1
1983,0
1984,1
1985,1
1986,1
1987,1
1988,1
1989,1
1990,1
1991,1
1992,1
1993,1
1994,0
1995,0
1996,1
1997,1
1998,1
1999,0
2000,1
2001,0
2002,1
2003,1
2004,1
2005,1
2006,0
2007,1
2008,1
2009,1
2010,1
2011,1
2012,1
2013,1
2014,0
2015,0
2016,1
2017,1
2018,1
2019,0
2020,1
2021,1
2022,1
2023,1
2024,1
2025,0
2026,1
2027,1
2028,1
2029,1
2030,1
2031,1
2032,0
2033,1
2034,1
2035,1
2036,1
2037,1
2038,1
2039,1
2040,1
2041,1
2042,1
2043,1
2044,1
2045,1
2046,1
2047,1
2048,0
2049,1
2050,1
2051,1
2052,1
2053,1
2054,1
2055,1
2056,0
2057,1
2058,1
2059,1
2060,1
2061,1
2062,0
2063,1
2064,1
2065,0
2066,1
2067,1
2068,1
2069,0
2070,1
2071,1
2072,1
2073,1
2074,1
2075,1
2076,1
2077,1
2078,1
2079,1
2080,1
2081,1
2082,1
2083,1
2084,1
2085,1
2086,1
2087,1
2088,1
2089,1
2090,1
2091,1
2092,1
2093,1
2094,1
2095,1
2096,0
2097,0
2098,1
2099,1
2100,1
2101,0
2102,1
2103,1
2104,1
2105,0
2106,0
2107,1
2108,0
2109,1
2110,0
2111,1
2112,1
2113,0
2114,1
2115,1
2116,1
2117,1
2118,1
2119,1
2120,1
2121,1
2122,1
2123,1
2124,0
2125,1
2126,1
2127,1
2128,0
2129,1
2130,1
2131,1
2132,1
2133,1
2134,1
2135,0
2136,1
2137,1
2138,0
2139,1
2140,1
2141,1
2142,1
2143,1
2144,1
2145,1
2146,1
2147,1
2148,1
2149,1
2150,0
2151,1
2152,1
2153,1
2154,1
2155,1
2156,1
2157,1
2158,1
2159,1
2160,1
2161,1
2162,0
2163,0
2164,1
2165,0
2166,1
2167,1
2168,1
2169,1
2170,1
2171,1
2172,1
2173,1
2174,1
2175,1
2176,1
2177,0
2178,1
2179,0
2180,1
2181,0
2182,1
2183,1
2184,0
2185,1
2186,0
2187,1
2188,1
2189,1
2190,1
2191,0
2192,0
2193,1
2194,1
2195,1
2196,0
2197,1
2198,1
2199,0
2200,1
2201,1
2202,1
2203,1
2204,1
2205,1
2206,1
2207,1
2208,0
2209,1
2210,0
2211,1
2212,1
2213,1
2214,1
2215,1
2216,1
2217,1
2218,1
2219,1
2220,1
2221,1
2222,1
2223,1
2224,1
2225,1
2226,0
2227,1
2228,0
2229,1
2230,1
2231,1
2232,1
2233,1
2234,1
2235,1
2236,1
2237,1
2238,1
2239,0
2240,1
2241,1
2242,0
2243,0
2244,1
2245,1
2246,1
2247,0
2248,0
2249,0
2250,1
2251,1
2252,1
2253,1
2254,1
2255,1
2256,1
2257,1
2258,1
2259,0
2260,0
2261,0
2262,1
2263,1
2264,0
2265,1
2266,0
2267,0
2268,1
2269,1
2270,1
2271,1
2272,1
2273,1
2274,1
2275,1
2276,0
2277,1
2278,1
2279,1
2280,1
2281,1
2282,1
2283,1
2284,1
2285,1
2286,1
2287,0
2288,1
2289,1
2290,0
2291,1
2292,0
2293,1
2294,1
2295,1
2296,1
2297,1
2298,1
2299,1
2300,1
2301,1
2302,1
2303,0
2304,1
2305,1
2306,1
2307,1
2308,1
2309,1
2310,0
2311,1
2312,1
2313,1
2314,1
2315,1
2316,1
2317,0
2318,1
2319,1
2320,1
2321,1
2322,1
2323,1
2324,1
2325,0
2326,0
2327,1
2328,1
2329,1
2330,1
2331,0
2332,1
2333,1
2334,1
2335,1
2336,1
2337,1
2338,1
2339,1
2340,0
2341,1
2342,1
2343,1
2344,1
2345,0
2346,1
2347,1
2348,1
2349,1
2350,1
2351,1
2352,1
2353,1
2354,0
2355,0
2356,0
2357,0
2358,1
2359,1
2360,0
2361,1
2362,1
2363,1
2364,1
2365,0
2366,1
2367,1
2368,1
2369,1
2370,0
2371,1
2372,1
2373,0
2374,1
2375,0
2376,1
2377,1
2378,1
2379,1
2380,0
2381,1
2382,1
2383,1
2384,1
2385,1
2386,1
2387,1
2388,1
2389,1
2390,1
2391,1
2392,1
2393,0
2394,0
2395,0
2396,1
2397,1
2398,1
2399,1
2400,1
2401,1
2402,0
2403,1
2404,1
2405,1
2406,0
2407,1
2408,1
2409,1
2410,0
2411,1
2412,1
2413,1
2414,1
2415,1
2416,0
2417,1
2418,0
2419,0
2420,0
2421,1
2422,1
2423,1
2424,1
2425,1
2426,1
2427,1
2428,1
2429,1
2430,1
2431,0
2432,1
2433,0
2434,1
2435,1
2436,0
2437,1
2438,1
2439,0
2440,1
2441,1
2442,1
2443,1
2444,1
2445,0
2446,1
2447,1
2448,1
2449,1
2450,1
2451,1
2452,1
2453,1
2454,1
2455,1
2456,1
2457,1
2458,1
2459,1
2460,1
2461,1
2462,1
2463,1
2464,0
2465,1
2466,1
2467,1
2468,1
2469,1
2470,1
2471,0
2472,1
2473,1
2474,1
2475,1
2476,1
2477,0
2478,1
2479,1
2480,1
2481,1
2482,1
2483,0
2484,1
2485,0
2486,1
2487,1
2488,0
2489,1
2490,1
2491,1
2492,0
2493,1
2494,1
2495,1
2496,1
2497,1
2498,1
2499,1
2500,1
2501,1
2502,1
2503,0
2504,0
2505,1
2506,1
2507,1
2508,1
2509,0
2510,0
2511,0
2512,1
2513,1
2514,1
2515,1
2516,1
2517,1
2518,0
2519,1
2520,1
2521,1
2522,1
2523,1
2524,0
2525,1
2526,1
2527,1
2528,1
2529,1
2530,0
2531,0
2532,1
2533,1
2534,1
2535,1
2536,1
2537,0
2538,0
2539,1
2540,1
2541,1
2542,1
2543,1
2544,1
2545,1
2546,1
2547,1
2548,0
2549,1
2550,1
2551,0
2552,1
2553,1
2554,1
2555,1
2556,1
2557,1
2558,1
2559,1
2560,0
2561,1
2562,0
2563,1
2564,1
2565,1
2566,1
2567,1
2568,1
2569,1
2570,1
2571,1
2572,1
2573,1
2574,0
2575,1
2576,1
2577,1
2578,1
2579,0
2580,0
2581,1
2582,1
2583,1
2584,0
2585,0
2586,1
2587,1
2588,0
2589,1
2590,1
2591,0
2592,1
2593,1
2594,1
2595,1
2596,0
2597,1
2598,1
2599,1
2600,1
2601,0
2602,1
2603,1
2604,0
2605,1
2606,1
2607,0
2608,1
2609,1
2610,0
2611,1
2612,0
2613,0
2614,1
2615,0
2616,0
2617,1
2618,1
2619,1
2620,1
2621,0
2622,0
2623,1
2624,1
2625,1
2626,1
2627,1
2628,1
2629,1
2630,0
2631,1
2632,1
2633,1
2634,1
2635,1
2636,1
2637,1
2638,1
2639,1
2640,0
2641,1
2642,1
2643,1
2644,1
2645,1
2646,1
2647,1
2648,1
2649,1
2650,1
2651,0
2652,1
2653,0
2654,1
2655,1
2656,1
2657,1
2658,1
2659,1
2660,1
2661,1
2662,1
2663,1
2664,1
2665,0
2666,0
2667,0
2668,1
2669,0
2670,1
2671,1
2672,1
2673,1
2674,1
2675,1
2676,1
2677,0
2678,0
2679,1
2680,1
2681,1
2682,1
2683,1
2684,1
2685,0
2686,1
2687,1
2688,1
2689,0
2690,1
2691,0
2692,1
2693,1
2694,0
2695,1
2696,1
2697,1
2698,1
2699,1
2700,1
2701,0
2702,1
2703,1
2704,1
2705,1
2706,1
2707,0
2708,1
2709,1
2710,1
2711,1
2712,1
2713,0
2714,1
2715,0
2716,1
2717,1
2718,1
2719,1
2720,1
2721,1
2722,1
2723,1
2724,1
2725,1
2726,0
2727,0
2728,1
2729,1
2730,1
2731,0
2732,1
2733,1
2734,1
2735,1
2736,1
2737,1
2738,1
2739,0
2740,0
2741,1
2742,1
2743,1
2744,1
2745,1
2746,0
2747,0
2748,1
2749,1
2750,1
2751,0
2752,1
2753,1
2754,1
2755,1
2756,0
2757,1
2758,1
2759,1
2760,1
2761,1
2762,1
2763,1
2764,1
2765,1
2766,1
2767,1
2768,1
2769,1
2770,0
2771,1
2772,1
2773,1
2774,0
2775,1
2776,1
2777,1
2778,1
2779,0
2780,1
2781,1
2782,1
2783,1
2784,1
2785,1
2786,0
2787,0
2788,1
2789,1
2790,1
2791,1
2792,1
2793,1
2794,1
2795,1
2796,0
2797,1
2798,0
2799,1
2800,0
2801,1
2802,1
2803,1
2804,0
2805,1
2806,0
2807,1
2808,1
2809,1
2810,1
2811,1
2812,1
2813,1
2814,1
2815,1
2816,1
2817,1
2818,1
2819,1
2820,1
2821,1
2822,1
2823,1
2824,0
2825,1
2826,1
2827,1
2828,1
2829,1
2830,1
2831,1
2832,1
2833,0
2834,0
2835,0
2836,1
2837,1
2838,1
2839,1
2840,1
2841,1
2842,1
2843,1
2844,1
2845,1
2846,1
2847,1
2848,1
2849,1
2850,1
2851,1
2852,1
2853,0
2854,1
2855,0
2856,1
2857,1
2858,1
2859,1
2860,0
2861,1
2862,0
2863,0
2864,1
2865,1
2866,0
2867,1
2868,1
2869,1
2870,0
2871,0
2872,1
2873,0
2874,1
2875,0
2876,1
2877,0
2878,1
2879,1
2880,1
2881,1
2882,1
2883,1
2884,1
2885,1
2886,0
2887,1
2888,1
2889,1
2890,1
2891,1
2892,1
2893,0
2894,1
2895,1
2896,1
2897,1
2898,1
2899,1
2900,1
2901,1
2902,1
2903,1
2904,1
2905,1
2906,1
2907,1
2908,1
2909,0
2910,1
2911,0
2912,1
2913,1
2914,1
2915,1
2916,1
2917,1
2918,0
2919,1
2920,1
2921,1
2922,1
2923,1
2924,1
2925,0
2926,1
2927,1
2928,0
2929,1
2930,1
2931,0
2932,1
2933,0
2934,1
2935,1
2936,1
2937,1
2938,1
2939,1
2940,1
2941,1
2942,1
2943,0
2944,0
2945,1
2946,1
2947,1
2948,0
2949,0
2950,1
2951,1
2952,0
2953,1
2954,0
2955,0
2956,0
2957,1
2958,1
2959,1
2960,1
2961,1
2962,0
2963,1
2964,1
2965,1
2966,1
2967,1
2968,1
2969,0
2970,1
2971,1
2972,1
2973,1
2974,1
2975,1
2976,0
2977,0
2978,1
2979,1
2980,1
2981,1
2982,1
2983,1
2984,0
2985,1
2986,0
2987,1
2988,1
2989,0
2990,0
2991,1
2992,1
2993,1
2994,1
2995,1
2996,1
2997,1
2998,0
2999,1
3000,1
3001,1
3002,1
3003,1
3004,1
3005,1
3006,1
3007,1
3008,1
3009,1
3010,1
3011,1
3012,1
3013,1
3014,1
3015,1
3016,1
3017,0
3018,1
3019,1
3020,1
3021,1
3022,1
3023,1
3024,1
3025,1
3026,1
3027,1
3028,1
3029,1
3030,1
3031,1
3032,1
3033,1
3034,0
3035,1
3036,1
3037,0
3038,1
3039,1
3040,0
3041,1
3042,1
3043,1
3044,1
3045,1
3046,1
3047,1
3048,1
3049,1
3050,1
3051,0
3052,1
3053,1
3054,0
3055,1
3056,1
3057,1
3058,0
3059,1
3060,0
3061,1
3062,1
3063,0
3064,1
3065,0
3066,1
3067,1
3068,1
3069,1
3070,0
3071,1
3072,0
3073,1
3074,1
3075,1
3076,0
3077,1
3078,1
3079,1
3080,1
3081,0
3082,1
3083,0
3084,0
3085,1
3086,0
3087,0
3088,1
3089,1
3090,1
3091,1
3092,0
3093,1
3094,1
3095,1
3096,1
3097,1
3098,1
3099,1
3100,0
3101,1
3102,0
3103,1
3104,1
3105,1
3106,0
3107,0
3108,1
3109,0
3110,1
3111,1
3112,1
3113,1
3114,1
3115,1
3116,0
3117,0
3118,1
3119,1
3120,0
3121,1
3122,0
3123,0
3124,0
3125,1
3126,0
3127,0
3128,1
3129,1
3130,1
3131,1
3132,1
3133,1
3134,1
3135,0
3136,0
3137,1
3138,1
3139,1
3140,1
3141,1
3142,1
3143,0
3144,1
3145,1
3146,0
3147,1
3148,1
3149,1
3150,1
3151,1
3152,1
3153,1
3154,1
3155,1
3156,1
3157,1
3158,0
3159,1
3160,1
3161,1
3162,1
3163,1
3164,0
3165,0
3166,1
3167,1
3168,0
3169,1
3170,1
3171,1
3172,1
3173,0
3174,1
3175,1
3176,0
3177,1
3178,0
3179,1
3180,1
3181,1
3182,0
3183,0
3184,0
3185,1
3186,1
3187,1
3188,1
3189,1
3190,1
3191,1
3192,0
3193,0
3194,1
3195,0
3196,1
3197,1
3198,1
3199,0
3200,1
3201,1
3202,0
3203,1
3204,1
3205,1
3206,1
3207,0
3208,1
3209,1
3210,0
3211,0
3212,0
3213,1
3214,1
3215,1
3216,1
3217,1
3218,1
3219,1
3220,0
3221,1
3222,0
3223,1
3224,1
3225,1
3226,0
3227,1
3228,1
3229,1
3230,1
3231,0
3232,1
3233,1
3234,1
3235,1
3236,1
3237,1
3238,1
3239,1
3240,1
3241,1
3242,1
3243,1
3244,1
3245,1
3246,1
3247,0
3248,1
3249,1
3250,1
3251,0
3252,1
3253,1
3254,1
3255,1
3256,1
3257,1
3258,1
3259,1
3260,1
3261,1
3262,1
3263,1
3264,1
3265,1
3266,1
3267,0
3268,1
3269,1
3270,1
3271,1
3272,1
3273,1
3274,0
3275,0
3276,1
3277,1
3278,1
3279,1
3280,0
3281,1
3282,1
3283,1
3284,1
3285,1
3286,0
3287,1
3288,0
3289,1
3290,1
3291,1
3292,0
3293,1
3294,1
3295,0
3296,1
3297,1
3298,1
3299,1
3300,1
3301,1
3302,1
3303,1
3304,0
3305,1
3306,1
3307,1
3308,1
3309,1
3310,1
3311,1
3312,1
3313,0
3314,1
3315,1
3316,1
3317,0
3318,1
3319,0
3320,1
3321,1
3322,0
3323,1
3324,1
3325,1
3326,0
3327,1
3328,1
3329,1
3330,1
3331,0
3332,1
3333,1
3334,1
3335,0
3336,0
3337,1
3338,0
3339,1
3340,1
3341,1
3342,1
3343,1
3344,0
3345,1
3346,0
3347,1
3348,1
3349,1
3350,0
3351,1
3352,0
3353,1
3354,1
3355,1
3356,0
3357,0
3358,1
3359,1
3360,1
3361,1
3362,1
3363,0
3364,1
3365,1
3366,1
3367,1
3368,1
3369,0
3370,0
3371,1
3372,1
3373,1
3374,1
3375,1
3376,1
3377,1
3378,1
3379,1
3380,0
3381,1
3382,1
3383,1
3384,1
3385,1
3386,1
3387,1
3388,0
3389,1
3390,1
3391,1
3392,1
3393,1
3394,1
3395,1
3396,0
3397,1
3398,1
3399,1
3400,0
3401,1
3402,1
3403,1
3404,1
3405,1
3406,1
3407,1
3408,1
3409,0
3410,1
3411,0
3412,1
3413,1
3414,0
3415,1
3416,1
3417,1
3418,1
3419,1
3420,1
3421,1
3422,1
3423,1
3424,1
3425,1
3426,1
3427,1
3428,1
3429,1
3430,1
3431,1
3432,1
3433,1
3434,1
3435,1
3436,1
3437,0
3438,1
3439,1
3440,1
3441,0
3442,1
3443,1
3444,1
3445,1
3446,0
3447,0
3448,1
3449,1
3450,1
3451,1
3452,1
3453,1
3454,1
3455,0
3456,1
3457,1
3458,1
3459,1
3460,0
3461,1
3462,1
3463,1
3464,1
3465,1
3466,1
3467,1
3468,0
3469,1
3470,1
3471,1
3472,0
3473,1
3474,0
3475,0
3476,1
3477,0
3478,1
3479,1
3480,1
3481,1
3482,1
3483,1
3484,0
3485,1
3486,1
3487,0
3488,1
3489,1
3490,1
3491,0
3492,1
3493,0
3494,1
3495,1
3496,1
3497,1
3498,1
3499,1
3500,1
3501,1
3502,1
3503,1
3504,1
3505,1
3506,0
3507,0
3508,1
3509,1
3510,0
3511,1
3512,1
3513,0
3514,1
3515,1
3516,1
3517,1
3518,1
3519,0
3520,1
3521,0
3522,1
3523,1
3524,0
3525,1
3526,1
3527,1
3528,0
3529,1
3530,1
3531,1
3532,1
3533,1
3534,1
3535,1
3536,0
3537,1
3538,1
3539,1
3540,1
3541,1
3542,1
3543,1
3544,1
3545,1
3546,0
3547,0
3548,1
3549,1
3550,1
3551,1
3552,1
3553,1
3554,1
3555,1
3556,1
3557,1
3558,1
3559,0
3560,1
3561,1
3562,1
3563,0
3564,1
3565,1
3566,1
3567,0
3568,1
3569,1
3570,0
3571,1
3572,1
3573,1
3574,1
3575,1
3576,0
3577,1
3578,1
3579,1
3580,1
3581,1
3582,1
3583,1
3584,0
3585,1
3586,0
3587,0
3588,1
3589,1
3590,1
3591,1
3592,1
3593,1
3594,1
3595,1
3596,1
3597,1
3598,1
3599,1
3600,1
3601,1
3602,1
3603,0
3604,1
3605,1
3606,1
3607,0
3608,1
3609,0
3610,1
3611,0
3612,1
3613,1
3614,1
3615,1
3616,1
3617,1
3618,1
3619,1
3620,1
3621,0
3622,1
3623,1
3624,1
3625,0
3626,1
3627,1
3628,1
3629,1
3630,1
3631,0
3632,1
3633,1
3634,1
3635,1
3636,1
3637,1
3638,1
3639,1
3640,0
3641,0
3642,1
3643,1
3644,1
3645,1
3646,1
3647,0
3648,1
3649,1
3650,1
3651,1
3652,1
3653,1
3654,1
3655,1
3656,1
3657,1
3658,1
3659,1
3660,1
3661,0
3662,1
3663,1
3664,0
3665,0
3666,1
3667,1
3668,1
3669,1
3670,1
3671,1
3672,1
3673,1
3674,1
3675,1
3676,1
3677,1
3678,1
3679,0
3680,1
3681,1
3682,1
3683,1
3684,0
3685,1
3686,1
3687,1
3688,0
3689,1
3690,0
3691,1
3692,1
3693,0
3694,1
3695,1
3696,0
3697,1
3698,1
3699,1
3700,1
3701,1
3702,1
3703,0
3704,1
3705,1
3706,1
3707,1
3708,1
3709,1
3710,1
3711,0
3712,1
3713,1
3714,1
3715,1
3716,1
3717,1
3718,1
3719,0
3720,1
3721,1
3722,1
3723,0
3724,0
3725,1
3726,1
3727,1
3728,1
3729,0
3730,0
3731,1
3732,1
3733,1
3734,1
3735,1
3736,1
3737,1
3738,1
3739,0
3740,1
3741,1
3742,1
3743,1
3744,0
3745,1
3746,1
3747,1
3748,1
3749,0
3750,1
3751,1
3752,1
3753,0
3754,1
3755,1
3756,0
3757,1
3758,1
3759,1
3760,1
3761,1
3762,1
3763,1
3764,1
3765,1
3766,1
3767,0
3768,1
3769,0
3770,1
3771,1
3772,1
3773,0
3774,1
3775,1
3776,0
3777,1
3778,1
3779,1
3780,1
3781,1
3782,0
3783,1
3784,1
3785,1
3786,1
3787,1
3788,1
3789,1
3790,1
3791,1
3792,1
3793,1
3794,0
3795,1
3796,1
3797,1
3798,1
3799,0
3800,1
3801,1
3802,1
3803,1
3804,1
3805,1
3806,1
3807,1
3808,0
3809,1
3810,1
3811,1
3812,1
3813,1
3814,0
3815,1
3816,1
3817,1
3818,0
3819,1
3820,1
3821,1
3822,0
3823,0
3824,1
3825,1
3826,0
3827,1
3828,1
3829,1
3830,1
3831,0
3832,1
3833,0
3834,0
3835,0
3836,1
3837,1
3838,1
3839,1
3840,1
3841,1
3842,1
3843,1
3844,1
3845,0
3846,1
3847,1
3848,1
3849,0
3850,0
3851,1
3852,0
3853,0
3854,1
3855,1
3856,1
3857,0
3858,0
3859,0
3860,1
3861,1
3862,1
3863,1
3864,0
3865,1
3866,1
3867,1
3868,1
3869,1
3870,1
3871,1
3872,1
3873,1
3874,1
3875,0
3876,1
3877,1
3878,1
3879,1
3880,0
3881,1
3882,1
3883,0
3884,1
3885,1
3886,1
3887,1
3888,1
3889,1
3890,1
3891,1
3892,1
3893,1
3894,1
3895,1
3896,1
3897,0
3898,0
3899,1
3900,1
3901,1
3902,1
3903,1
3904,0
3905,0
3906,1
3907,1
3908,0
3909,1
3910,1
3911,1
3912,1
3913,1
3914,1
3915,0
3916,1
3917,1
3918,1
3919,1
3920,0
3921,0
3922,1
3923,0
3924,1
3925,1
3926,1
3927,1
3928,1
3929,1
3930,1
3931,1
3932,1
3933,1
3934,1
3935,1
3936,1
3937,0
3938,1
3939,1
3940,1
3941,1
3942,1
3943,0
3944,1
3945,0
3946,1
3947,1
3948,1
3949,0
3950,1
3951,1
3952,1
3953,1
3954,0
3955,1
3956,1
3957,1
3958,1
3959,1
3960,0
3961,0
3962,1
3963,1
3964,1
3965,1
3966,1
3967,1
3968,1
3969,1
3970,1
3971,1
3972,0
3973,1
3974,0
3975,1
3976,0
3977,1
3978,0
3979,0
3980,1
3981,0
3982,1
3983,1
3984,1
3985,1
3986,1
3987,1
3988,1
3989,1
3990,0
3991,1
3992,1
3993,1
3994,1
3995,1
3996,1
3997,1
3998,1
3999,1
4000,1
4001,1
4002,1
4003,0
4004,0
4005,1
4006,1
4007,1
4008,1
4009,1
4010,1
4011,0
4012,1
4013,1
4014,1
4015,1
4016,1
4017,1
4018,1
4019,1
4020,1
4021,1
4022,1
4023,0
4024,1
4025,1
4026,1
4027,1
4028,1
4029,0
4030,1
4031,1
4032,0
4033,1
4034,0
4035,1
4036,1
4037,1
4038,1
4039,1
4040,0
4041,1
4042,1
4043,1
4044,0
4045,1
4046,1
4047,0
4048,1
4049,0
4050,0
4051,1
4052,1
4053,1
4054,1
4055,1
4056,1
4057,1
4058,1
4059,1
4060,1
4061,1
4062,1
4063,1
4064,0
4065,1
4066,1
4067,0
4068,1
4069,1
4070,1
4071,1
4072,1
4073,1
4074,0
4075,1
4076,1
4077,1
4078,1
4079,1
4080,1
4081,1
4082,1
4083,1
4084,1
4085,0
4086,1
4087,1
4088,1
4089,1
4090,1
4091,0
4092,1
4093,1
4094,1
4095,1
4096,1
4097,1
4098,0
4099,1
4100,1
4101,1
4102,0
4103,1
4104,1
4105,1
4106,1
4107,0
4108,1
4109,0
4110,0
4111,0
4112,1
4113,0
4114,1
4115,1
4116,0
4117,1
4118,0
4119,1
4120,0
4121,1
4122,1
4123,1
4124,1
4125,1
4126,0
4127,1
4128,1
4129,1
4130,1
4131,1
4132,0
4133,1
4134,1
4135,0
4136,1
4137,1
4138,1
4139,0
4140,1
4141,1
4142,1
4143,1
4144,1
4145,1
4146,1
4147,1
4148,1
4149,1
4150,0
4151,1
4152,0
4153,0
4154,1
4155,1
4156,1
4157,1
4158,1
4159,0
4160,0
4161,1
4162,1
4163,0
4164,1
4165,1
4166,0
4167,1
4168,0
4169,1
4170,0
4171,1
4172,1
4173,0
4174,1
4175,1
4176,1
4177,0
4178,1
4179,1
4180,1
4181,1
4182,1
4183,1
4184,1
4185,1
4186,0
4187,0
4188,1
4189,1
4190,1
4191,1
4192,1
4193,1
4194,0
4195,1
4196,1
4197,1
4198,1
4199,1
4200,1
4201,1
4202,1
4203,1
4204,1
4205,1
4206,0
4207,1
4208,1
4209,0
4210,1
4211,0
4212,0
4213,1
4214,1
4215,1
4216,0
4217,1
4218,1
4219,0
4220,0
4221,1
4222,1
4223,1
4224,1
4225,0
4226,0
4227,0
4228,1
4229,1
4230,0
4231,1
4232,0
4233,1
4234,1
4235,1
4236,1
4237,0
4238,1
4239,1
4240,0
4241,1
4242,1
4243,1
4244,1
4245,1
4246,1
4247,1
4248,0
4249,1
4250,1
4251,1
4252,1
4253,1
4254,1
4255,1
4256,1
4257,0
4258,1
4259,1
4260,0
4261,0
4262,1
4263,0
4264,1
4265,1
4266,1
4267,1
4268,1
4269,1
4270,1
4271,1
4272,1
4273,1
4274,1
4275,1
4276,1
4277,0
4278,0
4279,1
4280,0
4281,1
4282,1
4283,1
4284,0
4285,0
4286,0
4287,1
4288,1
4289,1
4290,0
4291,1
4292,0
4293,1
4294,0
4295,1
4296,1
4297,1
4298,0
4299,1
4300,0
4301,0
4302,0
4303,0
4304,1
4305,0
4306,1
4307,1
4308,1
4309,0
4310,1
4311,1
4312,0
4313,1
4314,1
4315,1
4316,1
4317,1
4318,1
4319,1
4320,1
4321,1
4322,1
4323,0
4324,1
4325,1
4326,0
4327,1
4328,1
4329,1
4330,1
4331,0
4332,1
4333,1
4334,1
4335,1
4336,1
4337,1
4338,1
4339,1
4340,1
4341,1
4342,0
4343,0
4344,1
4345,1
4346,1
4347,1
4348,0
4349,1
4350,0
4351,1
4352,1
4353,1
4354,1
4355,1
4356,1
4357,1
4358,1
